Site Id,Facility Type,Loc Id,Effective Date,Region,ADO,State Id,State Name,County,City,Name,Ownership,Use,Owner,ARP Latitude,ARP Latitude Sec,ARP Longitude,ARP Longitude Sec,ARP Method,Elevation,Elevation Method,Magnetic Variation,Magnetic Variation Year,Land Area,Activation Date,Airport Status Code,Federal Agreements,Fuel Types,ARP Latitude DD,ARP Longitude DD
01219.*A,AIRPORT,L70,10/31/2024,AWP,LAX,CA,CALIFORNIA,LOS ANGELES,AGUA DULCE,AGUA DULCE,PR,PU,LAND SEA AIR LEASING CORPORATION,034-30-12.6500N,124212.6534N,118-18-47.3700W,0425927.3658W,E,2633,E,14E,1985,190,10/1/1958,O,,100LL,34.50351483,-118.3131572
01234.*A,AIRPORT,AAT,10/31/2024,AWP,SFO,CA,CALIFORNIA,MODOC,ALTURAS,ALTURAS MUNI,PU,PU,CITY OF ALTURAS,041-28-58.3000N,149338.3000N,120-33-55.5000W,0434035.5000W,E,4378.3,S,16E,2005,160,10/1/1941,O,NGY,100LL A,41.48286111,-120.5654167
01244.8*A,AIRPORT,2O3,10/31/2024,AWP,SFO,CA,CALIFORNIA,NAPA,ANGWIN,ANGWIN-PARRETT FLD,PR,PU,PACIFIC UNION COLLEGE,038-34-48.1000N,138888.1000N,122-26-07.7000W,0440767.7000W,E,1875,E,16E,1985,60,3/1/1961,O,,100LL,38.58002778,-122.4354722
01248.1*A,AIRPORT,APV,10/31/2024,AWP,LAX,CA,CALIFORNIA,SAN BERNARDINO,APPLE VALLEY,APPLE VALLEY,PU,PU,COUNTY OF SAN BERNARDINO,034-34-31.1900N,124471.1930N,117-11-10.2800W,0421870.2770W,E,3061.5,S,14E,2000,800,2/1/1970,O,NGY,100LL A,34.57533139,-117.1861881
01273.*A,AIRPORT,AUN,10/31/2024,AWP,SFO,CA,CALIFORNIA,PLACER,AUBURN,AUBURN MUNI,PU,PU,CITY OF AUBURN,038-57-17.4000N,140237.4000N,121-04-54.2000W,0435894.2000W,E,1538.4,S,16E,1995,254,5/1/1941,O,NGY,100LL A A1,38.95483333,-121.0817222
01289.1*A,AIRPORT,L45,10/31/2024,AWP,LAX,CA,CALIFORNIA,KERN,BAKERSFIELD,BAKERSFIELD MUNI,PU,PU,CITY OF BAKERSFIELD,035-19-29.5500N,127169.5490N,118-59-45.6800W,0428385.6790W,E,378.3,S,14E,1990,253,6/1/1947,O,NGY,100LL A,35.32487472,-118.9960219
01297.*A,AIRPORT,BNG,10/31/2024,AWP,LAX,CA,CALIFORNIA,RIVERSIDE,BANNING,BANNING MUNI,PU,PU,CITY OF BANNING,033-55-21.2000N,122121.2000N,116-51-03.5000W,0420663.5000W,E,2222.4,S,14E,1985,295,4/1/1940,O,NGY,100LL,33.92255556,-116.8509722
01479.*A,AIRPORT,DAG,10/31/2024,AWP,LAX,CA,CALIFORNIA,SAN BERNARDINO,DAGGETT,BARSTOW-DAGGETT,PU,PU,COUNTY OF SAN BERNARDINO,034-51-13.4000N,125473.4000N,116-47-12.1000W,0420432.1000W,E,1930,S,15E,1975,1087,5/1/1941,O,NP3,100LL A,34.85372222,-116.7866944
02088.*A,AIRPORT,O85,10/31/2024,AWP,SFO,CA,CALIFORNIA,SHASTA,REDDING,BENTON FLD,PU,PU,CITY OF REDDING,040-34-25.2500N,146065.2470N,122-24-26.4100W,0440666.4080W,E,723.2,S,14E,2025,80,4/1/1940,O,NGY,100LL A,40.57367972,-122.4073356
02017.1*A,AIRPORT,UDD,10/31/2024,AWP,LAX,CA,CALIFORNIA,RIVERSIDE,PALM SPRINGS,BERMUDA DUNES,PR,PU,"CPF BDA, LLC",033-44-54.3800N,121494.3750N,116-16-29.3300W,0418589.3280W,E,73,S,14E,1980,94,10/1/1962,O,,100LL A A+,33.7484375,-116.2748133
01323.*A,AIRPORT,L35,10/31/2024,AWP,LAX,CA,CALIFORNIA,SAN BERNARDINO,BIG BEAR CITY,BIG BEAR CITY,PU,PU,BIG BEAR AIRPORT DIST,034-15-49.6000N,123349.6000N,116-51-21.7000W,0420681.7000W,E,6752.4,S,14E,2000,117,3/1/1943,O,NGY,100LL A,34.26377778,-116.8560278
01327.*A,AIRPORT,BIH,10/31/2024,AWP,LAX,CA,CALIFORNIA,INYO,BISHOP,BISHOP,PU,PU,INYO COUNTY,037-22-23.2000N,134543.2000N,118-21-49.0000W,0426109.0000W,E,4124.3,S,15E,1985,830,4/1/1940,O,NGPY3,100LL A,37.37311111,-118.3636111
01336.*A,AIRPORT,BLH,10/31/2024,AWP,LAX,CA,CALIFORNIA,RIVERSIDE,BLYTHE,BLYTHE,PU,PU,COUNTY OF RIVERSIDE,033-37-09.0000N,121029.0000N,114-43-00.8000W,0412980.8000W,E,399.6,S,13E,2005,3904,4/1/1940,O,NGPY,100LL A,33.61916667,-114.7168889
01353.*A,AIRPORT,BUR,10/31/2024,AWP,LAX,CA,CALIFORNIA,LOS ANGELES,BURBANK,BOB HOPE,PU,PU,BURBANK-GLENDALE-PASADENA APT,034-12-02.5000N,123122.5000N,118-21-31.2000W,0426091.2000W,E,778,S,12E,2020,555,12/1/1942,O,NGY,100LL A A+,34.20069444,-118.3586667
01975.1*A,AIRPORT,OKB,10/31/2024,AWP,LAX,CA,CALIFORNIA,SAN DIEGO,OCEANSIDE,BOB MAXWELL MEML AIRFIELD,PU,PU,CITY OF OCEANSIDE,033-13-04.7200N,119584.7150N,117-21-05.4300W,0422465.4270W,E,28,S,13E,1985,43,6/1/1963,O,NGY,100LL A,33.21797639,-117.3515075
01730.01*A,AIRPORT,32CL,10/31/2024,AWP,SFO,CA,CALIFORNIA,SUTTER,KNIGHTS LANDING,BOB'S FLYING SERVICE INC,PR,PR,BOB STICKEL,038-49-59.6400N,139799.6400N,121-43-03.8700W,0438183.8720W,E,40,E,16E,1985,17,1/1/1972,O,,100 A,38.83323333,-121.7177422
02461.65*A,AIRPORT,26CA,10/31/2024,AWP,SFO,CA,CALIFORNIA,SACRAMENTO,WILTON,BOECKMANN RANCH,PR,PR,"H. F. BOECKMANN, II",038-25-36.6800N,138336.6770N,121-10-17.8100W,0436217.8080W,E,100,E,16E,1985,80,3/1/1981,O,,100,38.42685472,-121.1716133
01340.3*A,AIRPORT,L08,10/31/2024,AWP,LAX,CA,CALIFORNIA,SAN DIEGO,BORREGO SPRINGS,BORREGO VALLEY,PU,PU,COUNTY OF SAN DIEGO,033-15-32.5000N,119732.5000N,116-19-15.5000W,0418755.5000W,E,522.2,S,13E,2000,198,4/1/1947,O,NGY,100LL,33.25902778,-116.3209722
01757.*A,AIRPORT,POC,10/31/2024,AWP,LAX,CA,CALIFORNIA,LOS ANGELES,LA VERNE,BRACKETT FLD,PU,PU,COUNTY OF LOS ANGELES,034-05-30.0000N,122730.0000N,117-46-54.4000W,0424014.4000W,E,1013.9,S,14E,1980,276,1/1/1942,O,NGY,100LL A,34.09166667,-117.7817778
01342.*A,AIRPORT,BWC,10/31/2024,AWP,LAX,CA,CALIFORNIA,IMPERIAL,BRAWLEY,BRAWLEY MUNI,PU,PU,CITY OF BRAWLEY,032-59-34.5800N,118774.5750N,115-31-02.1500W,0415862.1480W,E,-127.8,S,13E,2000,160,4/1/1940,O,NGY,100LL A+,32.9929375,-115.5172633
02180.*A,AIRPORT,SDM,10/31/2024,AWP,LAX,CA,CALIFORNIA,SAN DIEGO,SAN DIEGO,BROWN FLD MUNI,PU,PU,CITY OF SAN DIEGO,032-34-20.2000N,117260.2000N,116-58-48.6000W,0421128.6000W,E,526.1,S,14E,1980,899,3/1/1948,O,NGPY,100LL A A+,32.57227778,-116.9801667
01437.*A,AIRPORT,CCR,10/31/2024,AWP,SFO,CA,CALIFORNIA,CONTRA COSTA,CONCORD,BUCHANAN FLD,PU,PU,CONTRA COSTA COUNTY,037-59-22.7600N,136762.7640N,122-03-24.8500W,0439404.8480W,E,25.6,S,13E,2020,495,7/1/1944,O,NGRY,100LL A1+,37.98965667,-122.0569022
01356.5*A,AIRPORT,C83,10/31/2024,AWP,SFO,CA,CALIFORNIA,CONTRA COSTA,BYRON,BYRON,PU,PU,CONTRA COSTA COUNTY,037-49-42.4000N,136182.4000N,121-37-33.0000W,0437853.0000W,E,78.5,S,15E,1995,1421,11/1/1994,O,NGY,100LL,37.82844444,-121.6258333
02385.*A,AIRPORT,CCB,10/31/2024,AWP,LAX,CA,CALIFORNIA,SAN BERNARDINO,UPLAND,CABLE,PR,PU,CABLE LAND CO - A PARTNERSHIP,034-06-41.7900N,122801.7940N,117-41-14.6000W,0423674.5980W,E,1443.5,S,14E,2000,95,9/1/1945,O,NMY,100LL A,34.11160944,-117.6873883
02141.11*A,AIRPORT,CPU,10/31/2024,AWP,SFO,CA,CALIFORNIA,CALAVERAS,SAN ANDREAS,CALAVERAS COUNTY/MAURY RASMUSSEN FLD,PU,PU,COUNTY OF CALAVERAS,038-08-46.0000N,137326.0000N,120-38-53.4000W,0434333.4000W,E,1327.9,S,15E,1995,93,11/1/1981,O,NGY,100LL,38.14611111,-120.6481667
01358.*A,AIRPORT,CXL,10/31/2024,AWP,LAX,CA,CALIFORNIA,IMPERIAL,CALEXICO,CALEXICO INTL,PU,PU,CITY OF CALEXICO,032-40-02.8000N,117602.8000N,115-31-03.3000W,0415863.3000W,E,5.7,E,13E,1985,257,10/1/1947,O,NGY,100LL A A+,32.66744444,-115.5175833
01360.*A,AIRPORT,L71,10/31/2024,AWP,LAX,CA,CALIFORNIA,KERN,CALIFORNIA CITY,CALIFORNIA CITY MUNI,PU,PU,CITY OF CALIFORNIA CITY,035-09-04.5000N,126544.5000N,118-01-00.0000W,0424860.0000W,E,2453.5,S,14E,2005,245,5/1/1963,O,N,100LL A,35.15125,-118.0166667
01255.1*A,AIRPORT,ACV,10/31/2024,AWP,SFO,CA,CALIFORNIA,HUMBOLDT,ARCATA/EUREKA,CALIFORNIA REDWOOD COAST-HUMBOLDT COUNTY,PU,PU,HUMBOLDT COUNTY,040-58-40.1800N,147520.1750N,124-06-30.4900W,0446790.4890W,E,222.3,S,17E,1985,745,3/1/1943,O,NGPY,100LL A,40.97782639,-124.1084692
01369.1*A,AIRPORT,CMA,10/31/2024,AWP,LAX,CA,CALIFORNIA,VENTURA,CAMARILLO,CAMARILLO,PU,PU,COUNTY OF VENTURA,034-12-49.5300N,123169.5300N,119-05-39.6800W,0428739.6750W,E,76.8,S,14E,1990,650,12/1/1976,O,NGPY,100LL A,34.21375833,-119.0943542
01369.8*A,AIRPORT,O61,10/31/2024,AWP,SFO,CA,CALIFORNIA,EL DORADO,CAMERON PARK,CAMERON PARK,PU,PU,CAMERON PARK ARPT DISTRICT,038-41-02.4000N,139262.4000N,120-59-15.1000W,0435555.1000W,E,1287.3,E,16E,1985,61,12/1/1967,O,N,100LL,38.684,-120.9875278
01886.3*A,AIRPORT,MER,10/31/2024,AWP,SFO,CA,CALIFORNIA,MERCED,ATWATER,CASTLE,PU,PU,MERCED COUNTY,037-22-49.7400N,134569.7440N,120-34-05.4700W,0434045.4710W,E,190.4,S,15E,2000,1360,7/1/1942,O,N,100LL A A1,37.38048444,-120.5681864
02260.*A,AIRPORT,STS,10/31/2024,AWP,SFO,CA,CALIFORNIA,SONOMA,SANTA ROSA,CHARLES M SCHULZ/SONOMA COUNTY,PU,PU,SONOMA COUNTY,038-30-34.9000N,138634.9000N,122-48-46.4000W,0442126.4000W,E,128.7,S,16E,1985,1125,,O,NGPRY,100LL A,38.50969444,-122.8128889
01395.*A,AIRPORT,CIC,10/31/2024,AWP,SFO,CA,CALIFORNIA,BUTTE,CHICO,CHICO RGNL,PU,PU,CITY OF CHICO,039-47-43.4000N,143263.4000N,121-51-30.3000W,0438690.3000W,E,240.2,S,16E,1990,1475,4/1/1987,O,NGPRY,100LL A,39.79538889,-121.8584167
01398.*A,AIRPORT,CNO,10/31/2024,AWP,LAX,CA,CALIFORNIA,SAN BERNARDINO,CHINO,CHINO,PU,PU,COUNTY OF SAN BERNARDINO,033-58-29.2100N,122309.2055N,117-38-11.3400W,0423491.3382W,E,650,S,14E,1980,1097,6/1/1941,O,NGPY,100LL A,33.97477931,-117.6364828
01335.11*H,HELIPORT,20CA,10/31/2024,AWP,LAX,CA,CALIFORNIA,RIVERSIDE,BLYTHE,CLAYTON,PR,PR,JAMES C CLAYTON,033-36-13.1700N,120973.1700N,114-38-40.4200W,0412720.4200W,E,261,E,13E,1985,18,1/1/1981,O,,100LL,33.60365833,-114.6445611
01411.1*A,AIRPORT,O60,10/31/2024,AWP,SFO,CA,CALIFORNIA,SONOMA,CLOVERDALE,CLOVERDALE MUNI,PU,PU,CITY OF CLOVERDALE,038-46-34.6000N,139594.6000N,122-59-33.4000W,0442773.4000W,E,275.9,S,16E,1985,58,11/1/1962,O,NGY,100LL,38.77627778,-122.9926111
01429.*A,AIRPORT,O22,10/31/2024,AWP,SFO,CA,CALIFORNIA,TUOLUMNE,COLUMBIA,COLUMBIA,PU,PU,COUNTY OF TUOLUMNE,038-01-49.5000N,136909.5000N,120-24-52.4000W,0433492.4000W,E,2120.7,S,16E,1985,356,4/1/1940,O,NGY,100LL A,38.03041667,-120.4145556
01431.1*A,AIRPORT,O08,10/31/2024,AWP,SFO,CA,CALIFORNIA,COLUSA,COLUSA,COLUSA COUNTY,PU,PU,COUNTY OF COLUSA,039-10-44.4000N,141044.4000N,121-59-36.0000W,0439176.0000W,E,49,S,13E,2025,81,8/1/1962,O,NGY,100LL,39.179,-121.9933333
02281.*C,SEAPLANE BASE,22CA,10/31/2024,AWP,SFO,CA,CALIFORNIA,MARIN,SAUSALITO,COMMODORE CENTER,PR,PR,SAN FRANCISCO SEAPLNE TOURS,037-52-47.7400N,136367.7350N,122-30-48.9100W,0441048.9060W,E,0,E,16E,1985,4,4/1/1949,O,,100LL,37.87992639,-122.513585
01434.*A,AIRPORT,CPM,10/31/2024,AWP,LAX,CA,CALIFORNIA,LOS ANGELES,COMPTON,COMPTON/WOODLEY,PU,PU,COUNTY OF LOS ANGELES,033-53-23.7000N,122003.7000N,118-14-37.7000W,0425677.7000W,E,98.7,S,14E,1985,77,,O,NGY,100LL,33.88991667,-118.2438056
01447.3*A,AIRPORT,AJO,10/31/2024,AWP,LAX,CA,CALIFORNIA,RIVERSIDE,CORONA,CORONA MUNI,PU,PU,CITY OF CORONA,033-53-51.5500N,122031.5547N,117-36-08.7800W,0423368.7831W,E,533,S,14E,1980,98,4/1/1960,O,N,100LL,33.89765408,-117.6024398
01497.*A,AIRPORT,DLO,10/31/2024,AWP,LAX,CA,CALIFORNIA,KERN,DELANO,DELANO MUNI,PU,PU,CITY OF DELANO,035-44-44.0000N,128684.0000N,119-14-11.4000W,0429251.4000W,E,316.3,S,12E,2025,546,4/1/1940,O,NGRY,100LL,35.74555556,-119.2365
01526.8*A,AIRPORT,EDW,10/31/2024,AWP,LAX,CA,CALIFORNIA,KERN,EDWARDS,EDWARDS AFB,MA,PR,USAF,034-54-29.1200N,125669.1182N,117-53-07.9000W,0424387.9027W,E,2311,E,12E,2015,,,O,,100LL J8,34.90808839,-117.8855285
02455.1*A,AIRPORT,O28,10/31/2024,AWP,SFO,CA,CALIFORNIA,MENDOCINO,WILLITS,ELLS FLD/WILLITS MUNI,PU,PU,CITY OF WILLITS,039-27-04.7800N,142024.7840N,123-22-20.3900W,0444140.3910W,E,2065.9,S,16E,2000,75,8/1/1964,O,NY1,100LL,39.45132889,-123.3723308
01568.5*A,AIRPORT,L18,10/31/2024,AWP,LAX,CA,CALIFORNIA,SAN DIEGO,FALLBROOK,FALLBROOK COMMUNITY AIRPARK,PU,PU,COUNTY OF SAN DIEGO,033-21-15.0000N,120075.0000N,117-15-03.0000W,0422103.0000W,E,708,E,13E,1985,290,11/1/1964,O,NPSY,100LL,33.35416667,-117.2508333
02113.*A,AIRPORT,RIR,10/31/2024,AWP,LAX,CA,CALIFORNIA,RIVERSIDE,RIVERSIDE/RUBIDOUX/,FLABOB,PR,PU,"FLABOB AIRPORT, LLC",033-59-19.6400N,122359.6350N,117-24-35.6700W,0422675.6750W,E,767,E,13E,2010,127,4/1/1942,O,,100LL,33.9887875,-117.4099097
01931.6*A,AIRPORT,F70,10/31/2024,AWP,LAX,CA,CALIFORNIA,RIVERSIDE,MURRIETA/TEMECULA,FRENCH VALLEY,PU,PU,COUNTY OF RIVERSIDE,033-34-27.0400N,120867.0447N,117-07-42.5000W,0421662.5035W,E,1349.5,S,13E,1995,261,7/1/1989,O,NGY,100LL A,33.57417908,-117.1284732
01590.*A,AIRPORT,FCH,10/31/2024,AWP,SFO,CA,CALIFORNIA,FRESNO,FRESNO,FRESNO CHANDLER EXEC,PU,PU,CITY OF FRESNO,036-43-55.6500N,132235.6470N,119-49-13.2000W,0431353.1970W,E,279.8,S,15E,1985,200,4/1/1940,O,NGY,100LL A,36.73212417,-119.8203325
01591.*A,AIRPORT,FAT,10/31/2024,AWP,SFO,CA,CALIFORNIA,FRESNO,FRESNO,FRESNO YOSEMITE INTL,PU,PU,CITY OF FRESNO,036-46-35.6000N,132395.6000N,119-43-07.8000W,0430987.8000W,E,335.5,S,13E,2020,1728,6/1/1942,O,NGPY,100 A A++,36.77655556,-119.7188333
01593.*A,AIRPORT,FUL,10/31/2024,AWP,LAX,CA,CALIFORNIA,ORANGE,FULLERTON,FULLERTON MUNI,PU,PU,CITY OF FULLERTON,033-52-19.2500N,121939.2510N,117-58-47.2200W,0424727.2230W,E,96,S,14E,1985,86,4/1/1940,O,NGY,100LL A,33.87201417,-117.9797842
02074.*A,AIRPORT,2O1,10/31/2024,AWP,SFO,CA,CALIFORNIA,PLUMAS,QUINCY,GANSNER FLD,PU,PU,COUNTY OF PLUMAS,039-56-38.1000N,143798.1000N,120-56-43.4000W,0435403.4000W,E,3418.6,E,17E,1985,88,12/1/1949,O,NGY,100LL,39.94391667,-120.9453889
01599.1*A,AIRPORT,O16,10/31/2024,AWP,SFO,CA,CALIFORNIA,HUMBOLDT,GARBERVILLE,GARBERVILLE,PU,PU,HUMBOLDT COUNTY,040-05-07.5800N,144307.5830N,123-48-50.9300W,0445730.9290W,E,550.9,S,17E,1985,44,9/1/1950,O,NGY,100LL,40.08543972,-123.8141469
01754.2*A,AIRPORT,WJF,10/31/2024,AWP,LAX,CA,CALIFORNIA,LOS ANGELES,LANCASTER,GENERAL WM J FOX AIRFIELD,PU,PU,CO OF LOS ANGELES,034-44-27.8000N,125067.8000N,118-13-07.1000W,0425587.1000W,E,2350.7,S,15E,1980,1217,11/1/1959,O,NGY,100LL A,34.74105556,-118.2186389
01608.7*A,AIRPORT,E36,10/31/2024,AWP,SFO,CA,CALIFORNIA,EL DORADO,GEORGETOWN,GEORGETOWN,PU,PU,COUNTY OF EL DORADO,038-55-16.0000N,140116.0000N,120-51-53.3000W,0435113.3000W,E,2624.9,S,16E,1985,148,5/1/1962,O,NGY,100LL,38.92111111,-120.8648056
02165.*A,AIRPORT,SEE,10/31/2024,AWP,LAX,CA,CALIFORNIA,SAN DIEGO,SAN DIEGO/EL CAJON,GILLESPIE FLD,PU,PU,COUNTY OF SAN DIEGO,032-49-34.4000N,118174.4000N,116-58-20.8000W,0421100.8000W,E,387.5,S,13E,1990,758,12/1/1942,O,NGPY,100LL A,32.82622222,-116.9724444
01967.*A,AIRPORT,DVO,10/31/2024,AWP,SFO,CA,CALIFORNIA,MARIN,NOVATO,GNOSS FLD,PU,PU,MARIN COUNTY,038-08-36.8700N,137316.8730N,122-33-25.5300W,0441205.5290W,E,4,S,16E,1995,120,9/1/1947,O,NGY,100LL A,38.14357583,-122.5570914
01379.*A,AIRPORT,64CL,10/31/2024,AWP,LAX,CA,CALIFORNIA,LOS ANGELES,CARSON,GOODYEAR BLIMP BASE,PR,PR,GOODYEAR TR & RBR CO,033-51-18.0000N,121878.0000N,118-16-34.2000W,0425794.2000W,E,21,E,13E,2005,33,1/1/1968,O,,100,33.855,-118.2761667
01636.*A,AIRPORT,3O1,10/31/2024,AWP,SFO,CA,CALIFORNIA,MERCED,GUSTINE,GUSTINE,PU,PU,CITY OF GUSTINE,037-15-38.0000N,134138.0000N,120-57-51.3000W,0435471.3000W,E,79.2,S,16E,1985,45,4/1/1946,O,NGY,100LL,37.26055556,-120.96425
01995.8*A,AIRPORT,O37,10/31/2024,AWP,SFO,CA,CALIFORNIA,GLENN,ORLAND,HAIGH FLD,PU,PU,GLENN COUNTY,039-43-13.4000N,142993.4000N,122-08-46.9000W,0439726.9000W,E,217.7,S,14E,2020,300,9/1/1947,O,NGPRY,100LL,39.72038889,-122.1463611
01638.*A,AIRPORT,HAF,10/31/2024,AWP,SFO,CA,CALIFORNIA,SAN MATEO,HALF MOON BAY,HALF MOON BAY,PU,PU,SAN MATEO COUNTY,037-30-48.4000N,135048.4000N,122-30-04.2000W,0441004.2000W,E,66.3,S,15E,1995,325,3/1/1943,O,NGRY,100LL,37.51344444,-122.5011667
01641.*A,AIRPORT,HJO,10/31/2024,AWP,SFO,CA,CALIFORNIA,KINGS,HANFORD,HANFORD MUNI,PU,PU,CITY OF HANFORD,036-19-00.2000N,130740.2000N,119-37-39.6000W,0430659.6000W,E,239.5,E,14E,2005,132,4/1/1938,O,NGY,100LL,36.31672222,-119.6276667
01216.1*A,AIRPORT,11CL,10/31/2024,AWP,LAX,CA,CALIFORNIA,SAN BERNARDINO,ADELANTO,HANSEN,PR,PR,ERNEST E HANSEN,034-37-47.9600N,124667.9640N,117-39-12.2100W,0423552.2070W,E,2885,E,14E,1985,400,8/1/1954,O,,100LL,34.62999,-117.6533908
01419.12*A,AIRPORT,3O8,10/31/2024,AWP,SFO,CA,CALIFORNIA,FRESNO,COALINGA,HARRIS RANCH,PR,PU,HARRIS FARMS,036-14-53.2000N,130493.2000N,120-14-18.5000W,0432858.5000W,E,470,E,15E,1985,80,3/1/1981,O,,100LL,36.24811111,-120.2384722
01651.*A,AIRPORT,HWD,10/31/2024,AWP,SFO,CA,CALIFORNIA,ALAMEDA,HAYWARD,HAYWARD EXEC,PU,PU,CITY OF HAYWARD,037-39-32.1500N,135572.1540N,122-07-18.2600W,0439638.2600W,E,52.1,S,15E,2005,543,5/1/1947,O,NGPRY,100LL A UL94,37.65893167,-122.1217389
01651.7*A,AIRPORT,HES,10/31/2024,AWP,SFO,CA,CALIFORNIA,SONOMA,HEALDSBURG,HEALDSBURG MUNI,PU,PU,CITY OF HEALDSBURG,038-39-10.2900N,139150.2930N,122-53-55.1100W,0442435.1095W,E,280,S,16E,1985,50,11/1/1945,O,N,100LL,38.65285917,-122.8986415
01654.*A,AIRPORT,HMT,10/31/2024,AWP,LAX,CA,CALIFORNIA,RIVERSIDE,HEMET,HEMET-RYAN,PU,PU,COUNTY OF RIVERSIDE,033-44-02.5000N,121442.5000N,117-01-20.3000W,0421280.3000W,E,1514.8,S,13E,1995,428,3/1/1941,O,NGPY,100LL A,33.73402778,-117.0223056
01662.*A,AIRPORT,L26,10/31/2024,AWP,LAX,CA,CALIFORNIA,SAN BERNARDINO,HESPERIA,HESPERIA,PR,PU,SILVERWOOD AVIATION INC,034-22-37.0000N,123757.0000N,117-18-57.8000W,0422337.8000W,E,3390,E,14E,1985,26,4/1/1980,O,,100LL,34.37694444,-117.3160556
01668.*A,AIRPORT,CVH,10/31/2024,AWP,SFO,CA,CALIFORNIA,SAN BENITO,HOLLISTER,HOLLISTER MUNI,PU,PU,CITY OF HOLLISTER,036-53-36.0500N,132816.0510N,121-24-36.9800W,0437076.9850W,E,230.6,S,15E,1995,343,4/1/1943,O,NGPRY,100LL A,36.8933475,-121.4102736
01683.*A,AIRPORT,IPL,10/31/2024,AWP,LAX,CA,CALIFORNIA,IMPERIAL,IMPERIAL,IMPERIAL COUNTY,PU,PU,IMPERIAL COUNTY,032-50-03.2000N,118203.2000N,115-34-43.5000W,0416083.5000W,E,-53.6,S,14E,1980,370,4/1/1940,O,NGY,100LL A,32.83422222,-115.57875
01695.*A,AIRPORT,IYK,10/31/2024,AWP,LAX,CA,CALIFORNIA,KERN,INYOKERN,INYOKERN,PU,PU,INDIAN WELLS VALLEY APT DIST,035-39-31.4700N,128371.4686N,117-49-46.3200W,0424186.3170W,E,2457,S,14E,1985,1640,4/1/1940,O,NGPY3,100LL A,35.65874128,-117.8295325
01464.*A,AIRPORT,CEC,10/31/2024,AWP,SFO,CA,CALIFORNIA,DEL NORTE,CRESCENT CITY,JACK MC NAMARA FLD,PU,PU,BORDER COAST REGIONAL ARPT AUTH,041-46-48.6000N,150408.6000N,124-14-11.5000W,0447251.5000W,E,60.7,S,14E,2020,544,8/1/1943,O,NGRY,100LL A,41.78016667,-124.2365278
01647.*A,AIRPORT,HHR,10/31/2024,AWP,LAX,CA,CALIFORNIA,LOS ANGELES,HAWTHORNE,JACK NORTHROP FLD/HAWTHORNE MUNI,PU,PU,CITY OF HAWTHORNE,033-55-22.3000N,122122.3000N,118-20-06.3000W,0426006.3000W,E,65.9,S,14E,1985,80,10/1/1942,O,NGSY,100LL A,33.92286111,-118.3350833
02017.2*A,AIRPORT,TRM,10/31/2024,AWP,LAX,CA,CALIFORNIA,RIVERSIDE,PALM SPRINGS,JACQUELINE COCHRAN RGNL,PU,PU,COUNTY OF RIVERSIDE,033-37-36.0100N,121056.0140N,116-09-34.7600W,0418174.7560W,E,-114.4,S,13E,1990,1850,,O,NGPY,100LL A,33.62667056,-116.1596544
02230.*A,AIRPORT,SNA,10/31/2024,AWP,LAX,CA,CALIFORNIA,ORANGE,SANTA ANA,JOHN WAYNE/ORANGE COUNTY,PU,PU,ORANGE COUNTY,033-40-32.3800N,121232.3830N,117-52-05.6400W,0424325.6390W,E,55.9,S,12E,2015,504,11/1/1941,O,NGPY3,100LL A,33.67566194,-117.8682331
02320.5*A,AIRPORT,CA49,10/31/2024,AWP,SFO,CA,CALIFORNIA,KINGS,STRATFORD,JONES FARMS,PR,PR,"L. W. NEWTON, ET. AL.",036-12-14.8200N,130334.8240N,119-50-27.4800W,0431427.4780W,E,199,E,15E,1985,,12/1/1948,O,,100,36.20411778,-119.8409661
01899.1*A,AIRPORT,CN37,10/31/2024,AWP,LAX,CA,CALIFORNIA,KERN,MOJAVE,KELSO VALLEY,PR,PR,PHILIPPE ATHUIL,035-23-01.0900N,127381.0949N,118-13-13.0400W,0425593.0449W,E,4074,E,14E,1985,296,4/1/1967,O,,100,35.38363747,-118.2202903
01783.*A,AIRPORT,O20,10/31/2024,AWP,SFO,CA,CALIFORNIA,SAN JOAQUIN,LODI,KINGDON AIRPARK,PR,PU,AG PROJECT MNG. LLC.,038-05-30.7300N,137130.7300N,121-21-30.0000W,0436890.0000W,E,18.1,E,16E,1985,41,7/1/1944,O,,100LL,38.09186944,-121.3583333
02303.7*A,AIRPORT,TVL,10/31/2024,AWP,SFO,CA,CALIFORNIA,EL DORADO,SOUTH LAKE TAHOE,LAKE TAHOE,PU,PU,SOUTH LAKE TAHOE,038-53-38.0000N,140018.0000N,119-59-43.2000W,0431983.2000W,E,6268.4,S,16E,1985,348,,O,NGY,100LL A,38.89388889,-119.9953333
01743.*A,AIRPORT,1O2,10/31/2024,AWP,SFO,CA,CALIFORNIA,LAKE,LAKEPORT,LAMPSON FLD,PU,PU,LAKE COUNTY,038-59-26.2000N,140366.2000N,122-54-02.6000W,0442442.6000W,E,1380.1,S,16E,1990,68,10/1/1941,O,NGY,100LL,38.99061111,-122.9007222
01772.*A,AIRPORT,LHM,10/31/2024,AWP,SFO,CA,CALIFORNIA,PLACER,LINCOLN,LINCOLN RGNL/KARL HARDER FLD,PU,PU,CITY OF LINCOLN,038-54-33.0000N,140073.0000N,121-21-04.8000W,0436864.8000W,E,121.4,S,14E,2010,725,7/1/1944,O,NGRY,100LL A,38.90916667,-121.3513333
01778.*A,AIRPORT,LLR,10/31/2024,AWP,SFO,CA,CALIFORNIA,MENDOCINO,LITTLE RIVER,LITTLE RIVER,PU,PU,MENDOCINO COUNTY,039-15-43.4000N,141343.4000N,123-45-13.6000W,0445513.6000W,E,573.8,S,15E,2010,548,12/1/1944,O,NR1,100LL,39.26205556,-123.7537778
01779.2*A,AIRPORT,LVK,10/31/2024,AWP,SFO,CA,CALIFORNIA,ALAMEDA,LIVERMORE,LIVERMORE MUNI,PU,PU,CITY OF LIVERMORE,037-41-36.2000N,135696.2000N,121-49-13.3000W,0438553.3000W,E,399.9,S,16E,1980,644,12/1/1965,O,NGY,100LL A,37.69338889,-121.8203611
01782.*A,AIRPORT,1O3,10/31/2024,AWP,SFO,CA,CALIFORNIA,SAN JOAQUIN,LODI,LODI,PR,PU,ROBERT KUPKA,038-12-08.7900N,137528.7900N,121-16-08.9100W,0436568.9100W,E,59.9,S,16E,1980,163,4/1/1940,O,,100LL A,38.20244167,-121.2691417
01788.2*A,AIRPORT,LPC,10/31/2024,AWP,LAX,CA,CALIFORNIA,SANTA BARBARA,LOMPOC,LOMPOC,PU,PU,CITY OF LOMPOC,034-39-56.2300N,124796.2300N,120-28-03.0100W,0433683.0100W,E,88.1,E,15E,1980,194,3/1/1962,O,NGSY,100LL A,34.66561944,-120.4675028
01791.*A,AIRPORT,O26,10/31/2024,AWP,LAX,CA,CALIFORNIA,INYO,LONE PINE,LONE PINE/DEATH VALLEY,PU,PU,CITY OF LOS ANGELES,036-35-19.3000N,131719.3000N,118-02-57.8000W,0424977.8000W,E,3709.8,S,15E,1985,79,6/1/1942,O,NGY,100LL A,36.58869444,-118.0493889
01794.*A,AIRPORT,LGB,10/31/2024,AWP,LAX,CA,CALIFORNIA,LOS ANGELES,LONG BEACH,LONG BEACH (DAUGHERTY FLD),PU,PU,CITY OF LONG BEACH,033-49-04.5500N,121744.5470N,118-09-06.8100W,0425346.8060W,E,60.4,S,14E,1980,1166,4/1/1940,O,NGY3,100LL A,33.81792972,-118.1518906
01839.*A,AIRPORT,LSN,10/31/2024,AWP,SFO,CA,CALIFORNIA,MERCED,LOS BANOS,LOS BANOS MUNI,PU,PU,CITY OF LOS BANOS,037-03-50.0000N,133430.0000N,120-52-11.5000W,0435131.5000W,E,121.4,S,16E,1980,101,4/1/1940,O,NGY,100LL A,37.06388889,-120.8698611
01853.*A,AIRPORT,MAE,10/31/2024,AWP,SFO,CA,CALIFORNIA,MADERA,MADERA,MADERA MUNI,PU,PU,CITY OF MADERA,036-59-18.9600N,133158.9610N,120-06-44.8200W,0432404.8190W,E,255.2,S,13E,2020,524,1/1/1943,O,NGRY,100LL A,36.98860028,-120.1124497
01857.*A,AIRPORT,MMH,10/31/2024,AWP,SFO,CA,CALIFORNIA,MONO,MAMMOTH LAKES,MAMMOTH YOSEMITE,PU,PU,TOWN OF MAMMOTH LAKES,037-37-26.6000N,135446.6000N,118-50-19.5000W,0427819.5000W,E,7134.8,S,15E,1995,230,9/1/1947,O,NGY,100LL A,37.62405556,-118.83875
02115.*A,AIRPORT,RIV,10/31/2024,AWP,LAX,CA,CALIFORNIA,RIVERSIDE,RIVERSIDE,MARCH ARB,MA,PU,UNITED STATES AIR FORCE,033-52-55.0000N,121974.9960N,117-15-32.4600W,0422132.4610W,E,1536,S,14E,1980,2075,5/1/1941,O,N,100LL A A++,33.88194333,-117.2590169
01860.*A,AIRPORT,OAR,10/31/2024,AWP,SFO,CA,CALIFORNIA,MONTEREY,MARINA,MARINA MUNI,PU,PU,CITY OF MARINA,036-40-53.5000N,132053.5000N,121-45-42.0000W,0438342.0000W,E,136.6,S,15E,1985,305,,O,N,100LL A,36.68152778,-121.7616667
01866.*A,AIRPORT,MPI,10/31/2024,AWP,SFO,CA,CALIFORNIA,MARIPOSA,MARIPOSA,MARIPOSA-YOSEMITE,PU,PU,COUNTY OF MARIPOSA,037-30-39.1000N,135039.1000N,120-02-22.3000W,0432142.3000W,E,2254.2,S,15E,1985,100,4/1/1940,O,NGY,100LL A,37.51086111,-120.0395278
02128.*A,AIRPORT,MCC,10/31/2024,AWP,SFO,CA,CALIFORNIA,SACRAMENTO,SACRAMENTO,MC CLELLAN AIRFIELD,PR,PU,"MC CLELLAN BUSINESS PARK, LLC",038-40-03.5000N,139203.5000N,121-24-02.2000W,0437042.2000W,E,76.8,S,17E,1975,,5/1/1941,O,N,100LL A A+,38.66763889,-121.4006111
01376.1*A,AIRPORT,CRQ,10/31/2024,AWP,LAX,CA,CALIFORNIA,SAN DIEGO,CARLSBAD,MC CLELLAN-PALOMAR,PU,PU,COUNTY OF SAN DIEGO,033-07-41.7000N,119261.7000N,117-16-48.3000W,0422208.3000W,E,330.5,S,14E,1980,466,5/1/1959,O,NGY,100LL A,33.12825,-117.2800833
01291.*A,AIRPORT,BFL,10/31/2024,AWP,LAX,CA,CALIFORNIA,KERN,BAKERSFIELD,MEADOWS FLD,PU,PU,COUNTY OF KERN,035-26-01.9000N,127561.9000N,119-03-27.6000W,0428607.6000W,E,509.6,S,14E,1985,1357,4/1/1940,O,NGPY3,100 100LL A,35.43386111,-119.0576667
02371.*A,AIRPORT,TLR,10/31/2024,AWP,SFO,CA,CALIFORNIA,TULARE,TULARE,MEFFORD FLD,PU,PU,CITY OF TULARE,036-09-23.7000N,130163.7000N,119-19-35.6000W,0429575.6000W,E,265.3,S,12E,2020,206,7/1/1940,O,NGY,100LL A,36.15658333,-119.3265556
01886.*A,AIRPORT,MCE,10/31/2024,AWP,SFO,CA,CALIFORNIA,MERCED,MERCED,MERCED YOSEMITE RGNL,PU,PU,CITY OF MERCED,037-17-05.1000N,134225.1000N,120-30-50.1000W,0433850.1000W,E,155.2,S,15E,2000,766,4/1/1928,O,NGY,100LL A,37.28475,-120.5139167
01713.*A,AIRPORT,KIC,10/31/2024,AWP,SFO,CA,CALIFORNIA,MONTEREY,KING CITY,MESA DEL REY,PU,PU,CITY OF KING CITY,036-13-42.8000N,130422.8000N,121-07-16.7000W,0436036.7000W,E,374.2,S,15E,1985,149,4/1/1940,O,NGPY,100LL,36.22855556,-121.1213056
01896.*A,AIRPORT,MOD,10/31/2024,AWP,SFO,CA,CALIFORNIA,STANISLAUS,MODESTO,MODESTO CITY-COUNTY-HARRY SHAM FLD,PU,PU,CITY OF MODESTO,037-37-32.9700N,135452.9690N,120-57-15.9500W,0435435.9480W,E,99.2,S,16E,1985,435,4/1/1940,O,NGY,100LL A A1+,37.62582472,-120.95443
01899.*A,AIRPORT,MHV,10/31/2024,AWP,LAX,CA,CALIFORNIA,KERN,MOJAVE,MOJAVE AIR & SPACE PORT/RUTAN FLD,PU,PU,MOJAVE AIR AND SPACE PORT,035-03-32.2000N,126212.2000N,118-09-02.2000W,0425342.2000W,E,2801.3,S,14E,2000,2998,4/1/1940,O,NGPY3,100LL A A+,35.05894444,-118.1506111
01905.*A,AIRPORT,1O5,10/31/2024,AWP,SFO,CA,CALIFORNIA,SISKIYOU,MONTAGUE,MONTAGUE-YREKA ROHRER FLD,PU,PU,CITY OF MONTAGUE,041-43-47.9400N,150227.9400N,122-32-40.1300W,0441160.1300W,E,2527,E,15E,2010,90,4/1/1940,O,,100LL,41.72998333,-122.5444806
01914.*A,AIRPORT,MRY,10/31/2024,AWP,SFO,CA,CALIFORNIA,MONTEREY,MONTEREY,MONTEREY RGNL,PU,PU,MONTEREY PENIN ARPT DIST,036-35-13.0300N,131713.0280N,121-50-34.0200W,0438634.0190W,E,256.6,S,15E,2000,496,4/1/1940,O,NGY,100LL A,36.58695222,-121.8427831
02166.*A,AIRPORT,MYF,10/31/2024,AWP,LAX,CA,CALIFORNIA,SAN DIEGO,SAN DIEGO,MONTGOMERY-GIBBS EXEC,PU,PU,CITY OF SAN DIEGO,032-48-56.6000N,118136.6000N,117-08-22.4000W,0421702.4000W,E,427.3,S,14E,1980,549,7/1/1940,O,NGY,100LL A A+,32.81572222,-117.1395556
01560.*A,AIRPORT,EKA,10/31/2024,AWP,SFO,CA,CALIFORNIA,HUMBOLDT,EUREKA,MURRAY FLD,PU,PU,HUMBOLDT COUNTY,040-48-12.2300N,146892.2330N,124-06-46.0500W,0446806.0450W,E,10.9,S,15E,2010,146,4/1/1940,O,NGY,100LL,40.80339806,-124.1127903
01933.*A,AIRPORT,APC,10/31/2024,AWP,SFO,CA,CALIFORNIA,NAPA,NAPA,NAPA COUNTY,PU,PU,NAPA COUNTY,038-12-47.4800N,137567.4810N,122-16-50.4700W,0440210.4740W,E,35.5,S,15E,2005,820,10/1/1944,O,NGY,100LL A,38.21318917,-122.2806872
01938.*A,AIRPORT,EED,10/31/2024,AWP,LAX,CA,CALIFORNIA,SAN BERNARDINO,NEEDLES,NEEDLES,PU,PU,CO OF SAN BERNARDINO,034-45-58.8500N,125158.8486N,114-37-23.8100W,0412643.8076W,E,983.1,S,14E,1980,796,5/1/1941,O,NGSY3,100LL A,34.76634683,-114.6232799
01307.*A,AIRPORT,O02,10/31/2024,AWP,SFO,CA,CALIFORNIA,PLUMAS,BECKWOURTH,NERVINO,PU,PU,PLUMAS COUNTY,039-49-06.7000N,143346.7000N,120-21-10.1000W,0433270.1000W,E,4899.9,S,14E,2015,99,4/1/1940,O,NGY,100LL A,39.81852778,-120.3528056
01626.*A,AIRPORT,GOO,10/31/2024,AWP,SFO,CA,CALIFORNIA,NEVADA,GRASS VALLEY,NEVADA COUNTY,PU,PU,NEVADA COUNTY,039-13-26.6000N,141206.6000N,121-00-09.2000W,0435609.2000W,E,3157.6,S,16E,2000,117,3/1/1941,O,NGY,100LL A,39.22405556,-121.0025556
02204.*A,AIRPORT,SJC,10/31/2024,AWP,SFO,CA,CALIFORNIA,SANTA CLARA,SAN JOSE,NORMAN Y MINETA SAN JOSE INTL,PU,PU,CITY OF SAN JOSE,037-21-46.7800N,134506.7810N,121-55-43.0300W,0438943.0340W,E,62.2,S,13E,2020,1050,2/1/1946,O,NGY,100LL A,37.36299472,-121.9286206
02389.1*A,AIRPORT,VCB,10/31/2024,AWP,SFO,CA,CALIFORNIA,SOLANO,VACAVILLE,NUT TREE,PU,PU,COUNTY OF SOLANO,038-22-41.6000N,138161.6000N,121-57-40.3000W,0439060.3000W,E,116.9,S,13E,2020,262,,O,NGY,100LL A,38.37822222,-121.9611944
01970.*A,AIRPORT,O27,10/31/2024,AWP,SFO,CA,CALIFORNIA,STANISLAUS,OAKDALE,OAKDALE,PU,PU,CITY OF OAKDALE,037-45-22.8400N,135922.8370N,120-48-00.7500W,0434880.7500W,E,236.5,S,15E,2000,117,5/1/1947,O,NGY,100LL,37.75634361,-120.8002083
01971.7*A,AIRPORT,L52,10/31/2024,AWP,SFO,CA,CALIFORNIA,SAN LUIS OBISPO,OCEANO,OCEANO COUNTY,PU,PU,SAN LUIS OBISPO COUNTY,035-06-05.5100N,126365.5050N,120-37-20.3400W,0434240.3350W,E,14,S,15E,1985,58,10/1/1947,O,NGY,100LL,35.10152917,-120.6223153
01974.2*H,HELIPORT,CN30,10/31/2024,AWP,LAX,CA,CALIFORNIA,SAN DIEGO,OCEANSIDE,OCEANSIDE FIRE DEPARTMENT,PR,PR,CITY OF OCEANSIDE,033-12-41.7000N,119561.7000N,117-21-15.0000W,0422475.0000W,E,30,E,,,,1/1/2017,O,,100,33.21158333,-117.3541667
01986.*A,AIRPORT,ONT,10/31/2024,AWP,LAX,CA,CALIFORNIA,SAN BERNARDINO,ONTARIO,ONTARIO INTL,PU,PU,ONTARIO INTL AIRPORT AUTHORITY,034-03-21.6500N,122601.6510N,117-36-04.2800W,0423364.2750W,E,944.1,S,12E,2020,1741,4/1/1940,O,NGPY,100LL A J,34.05601417,-117.6011875
01998.*A,AIRPORT,OVE,10/31/2024,AWP,SFO,CA,CALIFORNIA,BUTTE,OROVILLE,OROVILLE MUNI,PU,PU,CITY OF OROVILLE,039-29-16.1000N,142156.1000N,121-37-19.2000W,0437839.2000W,E,194.3,S,16E,1990,877,4/1/1940,O,NGPRY,100LL A,39.48780556,-121.622
02001.*A,AIRPORT,OXR,10/31/2024,AWP,LAX,CA,CALIFORNIA,VENTURA,OXNARD,OXNARD,PU,PU,COUNTY OF VENTURA,034-12-02.9000N,123122.9050N,119-12-26.0200W,0429146.0150W,E,44.8,S,15E,1980,230,4/1/1942,O,NGY3,100LL A,34.20080694,-119.2072264
02017.*A,AIRPORT,PSP,10/31/2024,AWP,LAX,CA,CALIFORNIA,RIVERSIDE,PALM SPRINGS,PALM SPRINGS INTL,PU,PU,CITY OF PALM SPRINGS,033-49-46.8100N,121786.8110N,116-30-24.1000W,0419424.0990W,E,476.6,S,13E,1990,940,7/1/1942,O,NGPY3,100LL A,33.82966972,-116.5066942
02022.*A,AIRPORT,PAO,10/31/2024,AWP,SFO,CA,CALIFORNIA,SANTA CLARA,PALO ALTO,PALO ALTO,PU,PU,CITY OF PALO ALTO,037-27-40.0400N,134860.0370N,122-06-54.1700W,0439614.1680W,E,6.7,S,15E,1995,102,4/1/1940,O,NGY,100LL A,37.46112139,-122.1150467
02026.5*A,AIRPORT,CA92,10/31/2024,AWP,SFO,CA,CALIFORNIA,BUTTE,PARADISE,PARADISE SKYPARK,PR,PR,JOHN H. FRANKLIN+,039-42-38.0000N,142958.0000N,121-36-59.4000W,0437819.4000W,E,1300,E,17E,1985,35,9/1/1962,O,,100LL,39.71055556,-121.6165
02032.*A,AIRPORT,PRB,10/31/2024,AWP,SFO,CA,CALIFORNIA,SAN LUIS OBISPO,PASO ROBLES,PASO ROBLES MUNI,PU,PU,CITY OF PASO ROBLES,035-40-22.4000N,128422.4000N,120-37-37.5000W,0434257.5000W,E,838.7,S,15E,1980,1300,10/1/1943,O,NGPRY,100LL A,35.67288889,-120.6270833
02037.1*A,AIRPORT,L65,10/31/2024,AWP,LAX,CA,CALIFORNIA,RIVERSIDE,PERRIS,PERRIS VALLEY,PR,PU,B & D CONATSER,033-45-52.7000N,121552.7000N,117-13-08.4000W,0421988.4000W,E,1413,E,14E,1985,217,10/1/1962,O,,100LL A,33.76463889,-117.219
02042.*A,AIRPORT,O69,10/31/2024,AWP,SFO,CA,CALIFORNIA,SONOMA,PETALUMA,PETALUMA MUNI,PU,PU,CITY OF PETALUMA,038-15-28.0600N,137728.0560N,122-36-19.1600W,0441379.1650W,E,90.2,S,16E,1985,220,6/1/1949,O,NGY,100LL A,38.25779333,-122.6053236
01635.61*A,AIRPORT,E45,10/31/2024,AWP,SFO,CA,CALIFORNIA,TUOLUMNE,GROVELAND,PINE MOUNTAIN LAKE,PU,PU,TULOUMNE COUNTY,037-51-42.0000N,136302.0000N,120-10-42.8000W,0432642.8000W,E,2932.6,S,15E,1995,52,2/1/1970,O,NGY,100LL,37.86166667,-120.1785556
02052.*A,AIRPORT,PVF,10/31/2024,AWP,SFO,CA,CALIFORNIA,EL DORADO,PLACERVILLE,PLACERVILLE,PU,PU,EL DORADO COUNTY,038-43-27.2200N,139407.2190N,120-45-11.9100W,0434711.9130W,E,2585.8,S,14E,2015,243,4/1/1940,O,NGY,100LL A,38.7242275,-120.7533092
02058.14*H,HELIPORT,98L,10/31/2024,AWP,LAX,CA,CALIFORNIA,LOS ANGELES,POMONA,POMONA POLICE DEPT,PU,PR,CITY OF POMONA,034-03-06.7400N,122586.7400N,117-47-31.2100W,0424051.2100W,E,1001,E,14E,1985,,,O,,100,34.05187222,-117.7920028
02062.*A,AIRPORT,PTV,10/31/2024,AWP,SFO,CA,CALIFORNIA,TULARE,PORTERVILLE,PORTERVILLE MUNI,PU,PU,CITY OF PORTERVILLE,036-01-46.5000N,129706.5000N,119-03-45.8000W,0428625.8000W,E,443.2,S,15E,1980,940,9/1/1942,O,NGRY,100LL A,36.02958333,-119.0627222
02078.*A,AIRPORT,RNM,10/31/2024,AWP,LAX,CA,CALIFORNIA,SAN DIEGO,RAMONA,RAMONA,PU,PU,COUNTY OF SAN DIEGO,033-02-21.0000N,118941.0000N,116-54-54.9000W,0420894.9000W,E,1394.6,S,12E,2010,342,6/1/1947,O,NGPY,100LL A,33.03916667,-116.91525
01396.1*A,AIRPORT,CL56,10/31/2024,AWP,SFO,CA,CALIFORNIA,BUTTE,CHICO,RANCHAERO,PR,PR,RANCHAERO INC,039-43-10.2800N,142990.2765N,121-52-13.7800W,0438733.7835W,E,173,E,17E,1985,23,6/1/1946,O,,100LL,39.71952125,-121.8704954
02078.751*A,AIRPORT,RIU,10/31/2024,AWP,SFO,CA,CALIFORNIA,SACRAMENTO,RANCHO MURIETA,RANCHO MURIETA,PR,PU,RANCHO MURIETA AIRPORT INC.,038-29-12.4000N,138552.4000N,121-06-10.0000W,0435970.0000W,E,144.2,E,16E,1985,76,9/1/1970,O,N,100LL A,38.48677778,-121.1027778
02085.*A,AIRPORT,RBL,10/31/2024,AWP,SFO,CA,CALIFORNIA,TEHAMA,RED BLUFF,RED BLUFF MUNI,PU,PU,CITY OF RED BLUFF,040-09-01.1000N,144541.1000N,122-15-07.9000W,0440107.9000W,E,352.3,S,17E,1985,602,4/1/1948,O,NGRY,100LL A,40.15030556,-122.2521944
02089.*A,AIRPORT,RDD,10/31/2024,AWP,SFO,CA,CALIFORNIA,SHASTA,REDDING,REDDING RGNL,PU,PU,CITY OF REDDING,040-30-32.3500N,145832.3470N,122-17-36.1900W,0440256.1870W,E,505,S,14E,2020,1584,7/1/1944,O,NGPRVY,100LL A,40.50898528,-122.2933853
02092.*A,AIRPORT,REI,10/31/2024,AWP,LAX,CA,CALIFORNIA,SAN BERNARDINO,REDLANDS,REDLANDS MUNI,PU,PU,CITY OF REDLANDS,034-05-06.9000N,122706.9000N,117-08-47.0000W,0421727.0000W,E,1574.4,S,14E,1995,194,2/1/1947,O,NGY,100LL,34.08525,-117.1463889
02099.*A,AIRPORT,O32,10/31/2024,AWP,SFO,CA,CALIFORNIA,FRESNO,REEDLEY,REEDLEY MUNI,PU,PU,CITY OF REEDLEY,036-40-15.6000N,132015.6000N,119-27-03.7000W,0430023.7000W,E,386,S,13E,2020,138,12/1/1945,O,NGY,100LL A,36.671,-119.4510278
02110.4*A,AIRPORT,L36,10/31/2024,AWP,SFO,CA,CALIFORNIA,SACRAMENTO,RIO LINDA,RIO LINDA,PR,PU,WILLIAM T MAUSER,038-40-30.0000N,139230.0000N,121-26-43.6000W,0437203.6000W,E,46,E,16E,1985,40,11/1/1963,O,,100LL,38.675,-121.4454444
02110.9*A,AIRPORT,O88,10/31/2024,AWP,SFO,CA,CALIFORNIA,SOLANO,RIO VISTA,RIO VISTA MUNI,PU,PU,CITY OF RIO VISTA,038-11-36.2000N,137496.2000N,121-42-13.1000W,0438133.1000W,E,22.6,E,14E,2010,273,5/1/1994,O,NGY,100LL,38.19338889,-121.7036389
02112.*A,AIRPORT,RAL,10/31/2024,AWP,LAX,CA,CALIFORNIA,RIVERSIDE,RIVERSIDE,RIVERSIDE MUNI,PU,PU,CITY OF RIVERSIDE,033-57-06.8000N,122226.8000N,117-26-42.4000W,0422802.4000W,E,818.9,S,14E,2000,525,4/1/1940,O,NGY,100LL A,33.95188889,-117.4451111
01392.*A,AIRPORT,O05,10/31/2024,AWP,SFO,CA,CALIFORNIA,PLUMAS,CHESTER,ROGERS FLD,PU,PU,COUNTY OF PLUMAS,040-16-56.5000N,145016.5000N,121-14-28.2000W,0436468.2000W,E,4534.4,S,13E,2025,890,4/1/1940,O,NGY,100LL A,40.28236111,-121.2411667
01586.*A,AIRPORT,FOT,10/31/2024,AWP,SFO,CA,CALIFORNIA,HUMBOLDT,FORTUNA,ROHNERVILLE,PU,PU,HUMBOLDT COUNTY,040-33-14.1900N,145994.1890N,124-07-57.5600W,0446877.5600W,E,392.7,S,17E,2000,541,2/1/1947,O,NGY,100LL,40.55394139,-124.1326556
02116.2*A,AIRPORT,L00,10/31/2024,AWP,LAX,CA,CALIFORNIA,KERN,ROSAMOND,ROSAMOND SKYPARK,PR,PU,ROSAMOND SKYPARK ASSN,034-52-13.8000N,125533.8000N,118-12-19.5000W,0425539.5000W,E,2415,E,14E,1985,100,3/1/1953,O,,100LL,34.8705,-118.2054167
01458.*A,AIRPORT,O09,10/31/2024,AWP,SFO,CA,CALIFORNIA,MENDOCINO,COVELO,ROUND VALLEY,PU,PU,MENDOCINO COUNTY,039-47-25.8000N,143245.8000N,123-15-58.8000W,0443758.8000W,E,1434,E,17E,1985,110,4/1/1940,O,N,100LL,39.7905,-123.2663333
02127.*A,AIRPORT,SAC,10/31/2024,AWP,SFO,CA,CALIFORNIA,SACRAMENTO,SACRAMENTO,SACRAMENTO EXEC,PU,PU,CITY OF SACRAMENTO,038-30-46.3000N,138646.3000N,121-29-35.8800W,0437375.8810W,E,23.6,S,14E,2010,540,4/1/1940,O,NGPY3,100LL A,38.51286111,-121.4933003
02124.2*A,AIRPORT,SMF,10/31/2024,AWP,SFO,CA,CALIFORNIA,SACRAMENTO,SACRAMENTO,SACRAMENTO INTL,PU,PU,COUNTY OF SACRAMENTO,038-41-43.6000N,139303.6000N,121-35-26.8000W,0437726.8000W,E,26.9,S,13E,2020,6000,6/1/1962,O,NGHY,100LL A,38.69544444,-121.5907778
02126.*A,AIRPORT,MHR,10/31/2024,AWP,SFO,CA,CALIFORNIA,SACRAMENTO,SACRAMENTO,SACRAMENTO MATHER,PU,PU,COUNTY OF SACRAMENTO,038-33-19.1200N,138799.1190N,121-17-49.9600W,0436669.9610W,E,98.3,S,13E,2020,2875,7/1/1942,O,N,100LL A,38.55531083,-121.2972114
02137.*A,AIRPORT,SNS,10/31/2024,AWP,SFO,CA,CALIFORNIA,MONTEREY,SALINAS,SALINAS MUNI,PU,PU,CITY OF SALINAS,036-39-44.6800N,131984.6790N,121-36-25.7500W,0437785.7530W,E,84.4,S,13E,2020,605,6/1/1942,O,NGPY,100LL A,36.66241083,-121.6071536
02154.*A,AIRPORT,SBD,10/31/2024,AWP,LAX,CA,CALIFORNIA,SAN BERNARDINO,SAN BERNARDINO,SAN BERNARDINO INTL,PU,PU,SAN BERNARDINO INTL AIRPORT AUTH,034-05-43.3000N,122743.3000N,117-14-05.6000W,0422045.6000W,E,1159.3,S,13E,2005,1329,7/1/1940,O,NGPY,100LL A,34.09536111,-117.2348889
02160.1*A,AIRPORT,SQL,10/31/2024,AWP,SFO,CA,CALIFORNIA,SAN MATEO,SAN CARLOS,SAN CARLOS,PU,PU,SAN MATEO COUNTY,037-30-42.7000N,135042.7000N,122-14-58.3100W,0440098.3120W,E,5.5,S,15E,2000,110,7/1/1952,O,NGY,100LL A A+ UL94,37.51186111,-122.2495311
02170.*A,AIRPORT,SAN,10/31/2024,AWP,LAX,CA,CALIFORNIA,SAN DIEGO,SAN DIEGO,SAN DIEGO INTL,PU,PU,SAN DIEGO CNTY REG ARPT AUTHORITY,032-44-00.8300N,117840.8260N,117-11-22.7900W,0421882.7880W,E,16.8,E,11E,2020,663,4/1/1940,O,NGSY,100LL A,32.73356278,-117.1896633
01971.*A,AIRPORT,OAK,10/31/2024,AWP,SFO,CA,CALIFORNIA,ALAMEDA,OAKLAND,SAN FRANCISCO BAY OAKLAND INTL,PU,PU,PORT OF OAKLAND,037-43-16.5400N,135796.5410N,122-13-16.1400W,0439996.1420W,E,9,S,14E,2015,2600,4/1/1940,O,NGPY,100LL A,37.72126139,-122.2211506
02187.*A,AIRPORT,SFO,10/31/2024,AWP,SFO,CA,CALIFORNIA,SAN MATEO,SAN FRANCISCO,SAN FRANCISCO INTL,PU,PU,CITY & COUNTY OF SAN FRANCISCO,037-37-07.7000N,135427.7000N,122-22-31.5000W,0440551.5000W,E,13.1,S,14E,2015,5207,4/1/1940,O,NGPRY,100LL A A++,37.61880556,-122.3754167
01539.*A,AIRPORT,EMT,10/31/2024,AWP,LAX,CA,CALIFORNIA,LOS ANGELES,EL MONTE,SAN GABRIEL VALLEY,PU,PU,CO OF LOS ANGELES,034-05-09.6300N,122709.6320N,118-02-05.4400W,0424925.4430W,E,295.6,S,14E,1985,103,4/1/1944,O,NGY,100LL A,34.08600889,-118.0348453
02211.*A,AIRPORT,SBP,10/31/2024,AWP,SFO,CA,CALIFORNIA,SAN LUIS OBISPO,SAN LUIS OBISPO,SAN LUIS OBISPO COUNTY RGNL,PU,PU,SAN LUIS OBISPO COUNTY,035-14-14.1800N,126854.1810N,120-38-33.3700W,0434313.3700W,E,212.3,S,15E,1980,340,4/1/1940,O,NGY,100LL A,35.2372725,-120.6426028
02222.1*A,AIRPORT,CA35,10/31/2024,AWP,SFO,CA,CALIFORNIA,MARIN,SAN RAFAEL,SAN RAFAEL,PR,PR,"SAN RAFAEL AIRPORT, LLC",038-01-00.7200N,136860.7190N,122-31-14.9100W,0441074.9140W,E,5,E,16E,1985,100,,O,,100LL A,38.01686639,-122.5208094
02235.*A,AIRPORT,SBA,10/31/2024,AWP,LAX,CA,CALIFORNIA,SANTA BARBARA,SANTA BARBARA,SANTA BARBARA MUNI,PU,PU,CITY OF SANTA BARBARA,034-25-34.2900N,123934.2900N,119-50-29.3700W,0431429.3740W,E,13.5,S,14E,1985,948,4/1/1940,O,NGPY3,100LL A,34.42619167,-119.8414928
02251.*A,AIRPORT,SMX,10/31/2024,AWP,LAX,CA,CALIFORNIA,SANTA BARBARA,SANTA MARIA,SANTA MARIA PUB/CAPT G ALLAN HANCOCK FLD,PU,PU,SANTA MARIA PUBLIC APT DIST,034-53-59.8000N,125639.8000N,120-27-29.1000W,0433649.1000W,E,261.2,S,14E,1985,2516,6/1/1947,O,NGPY,100LL A,34.89994444,-120.4580833
02253.*A,AIRPORT,SMO,10/31/2024,AWP,LAX,CA,CALIFORNIA,LOS ANGELES,SANTA MONICA,SANTA MONICA MUNI,PU,PU,CITY OF SANTA MONICA,034-00-56.9600N,122456.9590N,118-27-04.7000W,0426424.7020W,E,169.8,S,12E,2020,215,4/1/1940,O,NGPY3,100LL A UL94,34.01582194,-118.4513061
02256.*A,AIRPORT,SZP,10/31/2024,AWP,LAX,CA,CALIFORNIA,VENTURA,SANTA PAULA,SANTA PAULA,PR,PU,SANTA PAULA ARPT ASSOCIATION,034-20-49.2600N,123649.2634N,119-03-41.8200W,0428621.8198W,E,250,E,14E,1985,51,4/1/1940,O,,100LL,34.34701761,-119.0616166
02264.*A,AIRPORT,IZA,10/31/2024,AWP,LAX,CA,CALIFORNIA,SANTA BARBARA,SANTA YNEZ,SANTA YNEZ/KUNKLE FLD,PU,PU,COUNTY OF SANTA BARBARA,034-36-24.5400N,124584.5350N,120-04-31.9800W,0432271.9800W,E,674.3,S,14E,2000,125,3/1/1948,O,NGY,100LL A,34.60681528,-120.07555
01583.*A,AIRPORT,A30,10/31/2024,AWP,SFO,CA,CALIFORNIA,SISKIYOU,FORT JONES,SCOTT VALLEY,PU,PU,COUNTY OF SISKIYOU,041-33-28.0000N,149608.0000N,122-51-17.8000W,0442277.8000W,E,2728,S,18E,1985,53,12/1/1949,O,NGY,100LL,41.55777778,-122.8549444
02287.2*A,AIRPORT,0Q4,10/31/2024,AWP,SFO,CA,CALIFORNIA,FRESNO,SELMA,SELMA,PR,PU,SELMA AERODROME INC.,036-34-51.6000N,131691.6018N,119-39-25.1200W,0430765.1208W,E,305,E,15E,1985,23,5/1/1963,O,,100LL,36.5810005,-119.656978
02292.*A,AIRPORT,MIT,10/31/2024,AWP,LAX,CA,CALIFORNIA,KERN,SHAFTER,SHAFTER-MINTER FLD,PU,PU,MINTER FIELD AIRPORT DISTRICT,035-30-26.9200N,127826.9200N,119-11-31.6700W,0429091.6700W,E,424.8,S,13E,2010,1206,3/1/1948,O,NGPY,100LL A,35.50747778,-119.1921306
02299.8*A,AIRPORT,0Q9,10/31/2024,AWP,SFO,CA,CALIFORNIA,SONOMA,SONOMA,SONOMA SKYPARK,PR,PU,"SONOMA SKYPARK, INC.",038-15-26.9000N,137726.9000N,122-26-04.4000W,0440764.4000W,E,28.5,E,16E,1985,33,1/1/1976,O,,100LL,38.25747222,-122.4345556
02281.6*A,AIRPORT,0Q3,10/31/2024,AWP,SFO,CA,CALIFORNIA,SONOMA,SCHELLVILLE/SONOMA,SONOMA VALLEY,PR,PU,VINTAGE AIRPORT. LLC,038-13-26.1900N,137606.1921N,122-26-58.9600W,0440818.9596W,E,16,E,16E,1985,79,8/1/1957,O,,100LL,38.22394225,-122.449711
02407.*A,AIRPORT,VCV,10/31/2024,AWP,LAX,CA,CALIFORNIA,SAN BERNARDINO,VICTORVILLE,SOUTHERN CALIFORNIA LOGISTICS,PU,PU,SOUTHERN CA LOGISTICS ARPT AUTH,034-35-43.8900N,124543.8940N,117-22-57.5800W,0422577.5840W,E,2885.3,S,14E,1995,2300,9/1/1943,O,NGY,100LL A,34.59552611,-117.3826622
02314.*A,AIRPORT,SCK,10/31/2024,AWP,SFO,CA,CALIFORNIA,SAN JOAQUIN,STOCKTON,STOCKTON METRO,PU,PU,COUNTY OF SAN JOAQUIN,037-53-39.8800N,136419.8770N,121-14-19.4600W,0436459.4640W,E,33.2,S,14E,2010,1552,4/1/1940,O,NGPY,100 100LL A,37.89441028,-121.23874
02332.*A,AIRPORT,SVE,10/31/2024,AWP,SFO,CA,CALIFORNIA,LASSEN,SUSANVILLE,SUSANVILLE MUNI,PU,PU,CITY OF SUSANVILLE,040-22-32.5000N,145352.5000N,120-34-21.7000W,0434061.7000W,E,4149.1,S,17E,1985,130,4/1/1940,O,NGY,100LL A,40.37569444,-120.5726944
02494.*A,AIRPORT,O52,10/31/2024,AWP,SFO,CA,CALIFORNIA,SUTTER,YUBA CITY,SUTTER COUNTY,PU,PU,COUNTY OF SUTTER,039-07-25.2000N,140845.2000N,121-36-19.3000W,0437779.3000W,E,59.6,E,16E,1985,175,8/1/1947,O,NGY,100LL,39.12366667,-121.6053611
02338.*A,AIRPORT,L17,10/31/2024,AWP,LAX,CA,CALIFORNIA,KERN,TAFT,TAFT-KERN COUNTY,PU,PU,COUNTY OF KERN DEPT OF AIRPORTS,035-08-29.9700N,126509.9691N,119-26-16.2300W,0429976.2251W,E,858.2,S,14E,1985,71,4/1/1940,O,N,100LL A,35.14165808,-119.4378403
02341.*A,AIRPORT,TSP,10/31/2024,AWP,LAX,CA,CALIFORNIA,KERN,TEHACHAPI,TEHACHAPI MUNI,PU,PU,CITY OF TEHACHAPI,035-08-05.9800N,126485.9800N,118-26-21.4800W,0426381.4800W,E,4001.1,S,14E,1985,264,4/1/1940,O,NGY,100LL A,35.13499444,-118.4393
02359.*A,AIRPORT,TCY,10/31/2024,AWP,SFO,CA,CALIFORNIA,SAN JOAQUIN,TRACY,TRACY MUNI,PU,PU,CITY OF TRACY,037-41-20.0200N,135680.0230N,121-26-29.6700W,0437189.6690W,E,193.6,S,15E,2000,310,4/1/1940,O,NGRY,100LL A,37.68889528,-121.4415747
02366.*A,AIRPORT,TRK,10/31/2024,AWP,SFO,CA,CALIFORNIA,PLACER,TRUCKEE,TRUCKEE-TAHOE,PU,PU,TRUCKEE-TAHOE AIRPORT DIST,039-19-12.2000N,141552.2000N,120-08-22.5000W,0432502.5000W,E,5904.3,S,14E,2015,2280,10/1/1962,O,NGSY,100LL A A1+,39.32005556,-120.1395833
02375.*A,AIRPORT,O81,10/31/2024,AWP,SFO,CA,CALIFORNIA,MODOC,TULELAKE,TULELAKE MUNI,PU,PU,MODOC NATION,041-53-26.3000N,150806.3000N,121-21-38.4000W,0436898.4000W,E,4044,E,17E,1985,383,9/1/1951,O,NS1,100LL,41.89063889,-121.3606667
02378.*A,AIRPORT,9CL0,10/31/2024,AWP,SFO,CA,CALIFORNIA,STANISLAUS,TURLOCK,TURLOCK AIRPARK,PR,PR,TURLOCK AIRPARK INC,037-28-14.7700N,134894.7660N,120-50-38.7400W,0435038.7380W,E,100,E,16E,1985,62,7/1/1946,O,,100,37.47076833,-120.8440939
02376.*A,AIRPORT,O15,10/31/2024,AWP,SFO,CA,CALIFORNIA,MERCED,TURLOCK,TURLOCK MUNI,PU,PU,CITY OF TURLOCK,037-29-02.5000N,134942.5000N,120-41-50.4000W,0434510.4000W,E,160.8,S,16E,1985,320,12/1/1948,O,NR,100LL,37.48402778,-120.6973333
02379.2*A,AIRPORT,TNP,10/31/2024,AWP,LAX,CA,CALIFORNIA,SAN BERNARDINO,TWENTYNINE PALMS,TWENTYNINE PALMS,PU,PU,COUNTY OF SAN BERNARDINO,034-07-53.7000N,122873.7000N,115-56-44.9000W,0417404.9000W,E,1888,S,12E,2015,480,2/1/1959,O,NGSY,100LL,34.13158333,-115.9458056
02383.*A,AIRPORT,UKI,10/31/2024,AWP,SFO,CA,CALIFORNIA,MENDOCINO,UKIAH,UKIAH MUNI,PU,PU,CITY OF UKIAH,039-07-33.4000N,140853.4000N,123-12-03.1000W,0443523.1000W,E,616.8,S,13E,2025,160,4/1/1946,O,NGY,100LL A,39.12594444,-123.2008611
01488.1*A,AIRPORT,EDU,10/31/2024,AWP,SFO,CA,CALIFORNIA,YOLO,DAVIS,UNIVERSITY,PU,PU,UNIVERSITY OF CALIFORNIA,038-31-53.2600N,138713.2640N,121-47-11.2700W,0438431.2700W,E,69.5,S,14E,2010,95,6/1/1946,O,NGY,100LL,38.53146222,-121.7864639
02494.1*A,AIRPORT,CA73,10/31/2024,AWP,SFO,CA,CALIFORNIA,SUTTER,YUBA CITY,VANDERFORD RANCH COMPANY,PR,PR,"SILLER HELICOPTERS, INC.",039-05-44.6100N,140744.6130N,121-42-58.8900W,0438178.8860W,E,42,E,16E,1985,,8/1/1963,O,,100,39.09572583,-121.7163572
02396.*A,AIRPORT,VNY,10/31/2024,AWP,LAX,CA,CALIFORNIA,LOS ANGELES,VAN NUYS,VAN NUYS,PU,PU,LOS ANGELES  WORLD ARPTS,034-12-35.3000N,123155.3000N,118-29-23.9000W,0426563.9000W,E,802.1,S,12E,2020,725,7/1/1942,O,NGPY,100LL A,34.20980556,-118.4899722
02413.*A,AIRPORT,VIS,10/31/2024,AWP,SFO,CA,CALIFORNIA,TULARE,VISALIA,VISALIA MUNI,PU,PU,CITY OF VISALIA,036-19-07.1000N,130747.0960N,119-23-34.3000W,0429814.2990W,E,292.5,S,14E,2010,821,,O,NGRY,100LL A,36.31863778,-119.3928608
02422.*A,AIRPORT,L19,10/31/2024,AWP,LAX,CA,CALIFORNIA,KERN,WASCO,WASCO-KERN COUNTY,PU,PU,KERN COUNTY DEPT OF AIRPORTS,035-37-11.5000N,128231.5000N,119-21-13.4000W,0429673.4000W,E,312,S,15E,1985,158,4/1/1940,O,NGY,100LL,35.61986111,-119.3537222
02429.*A,AIRPORT,WVI,10/31/2024,AWP,SFO,CA,CALIFORNIA,SANTA CRUZ,WATSONVILLE,WATSONVILLE MUNI,PU,PU,CITY OF WATSONVILLE,036-56-08.6400N,132968.6370N,121-47-22.7000W,0438442.6950W,E,163.3,S,14E,2015,330,,O,NGPRY,100LL A UL94,36.9357325,-121.7896375
02467.*A,AIRPORT,O41,10/31/2024,AWP,SFO,CA,CALIFORNIA,YOLO,WOODLAND,WATTS-WOODLAND,PR,PU,WATTS-WOODLAND AIRPORT INC.,038-40-25.9600N,139225.9550N,121-52-19.4800W,0438739.4780W,E,125,S,14E,2010,100,7/1/1940,O,,100LL A,38.67387639,-121.8720772
02434.*A,AIRPORT,O46,10/31/2024,AWP,SFO,CA,CALIFORNIA,SISKIYOU,WEED,WEED,PU,PU,COUNTY OF SISKIYOU,041-28-50.9000N,149330.9000N,122-27-16.3000W,0440836.3000W,E,2942.7,S,14E,2020,344,11/1/1958,O,NGSY,100LL A,41.48080556,-122.4545278
01701.*A,AIRPORT,JAQ,10/31/2024,AWP,SFO,CA,CALIFORNIA,AMADOR,JACKSON,WESTOVER FLD AMADOR COUNTY,PU,PU,COUNTY OF AMADOR,038-22-36.4900N,138156.4860N,120-47-38.0800W,0434858.0770W,E,1693,E,16E,1990,110,7/1/1940,O,NGY,100LL A,38.37680167,-120.7939103
01818.1*A,AIRPORT,WHP,10/31/2024,AWP,LAX,CA,CALIFORNIA,LOS ANGELES,LOS ANGELES,WHITEMAN,PU,PU,LOS ANGELES CO,034-15-33.5700N,123333.5710N,118-24-48.3600W,0426288.3590W,E,1003,E,14E,1990,184,6/1/1945,O,NGY,100LL A,34.25932528,-118.4134331
02461.*A,AIRPORT,WLW,10/31/2024,AWP,SFO,CA,CALIFORNIA,GLENN,WILLOWS,WILLOWS/GLENN COUNTY,PU,PU,COUNTY OF GLENN,039-30-56.7200N,142256.7212N,122-13-02.1900W,0439982.1916W,E,141.2,S,14E,2020,320,4/1/1940,O,NGY3,100LL,39.51575589,-122.2172754
02463.51*A,AIRPORT,O42,10/31/2024,AWP,SFO,CA,CALIFORNIA,TULARE,WOODLAKE,WOODLAKE,PU,PU,CITY OF WOODLAKE,036-23-55.6000N,131035.6000N,119-06-24.5000W,0428784.5000W,E,425,E,15E,1985,88,4/1/1962,O,N,100LL,36.39877778,-119.1068056
01488.*A,AIRPORT,DWA,10/31/2024,AWP,SFO,CA,CALIFORNIA,YOLO,DAVIS/WOODLAND/WINTERS,YOLO COUNTY,PU,PU,YOLO COUNTY,038-34-45.8000N,138885.8000N,121-51-25.0000W,0438685.0000W,E,100,S,16E,2000,498,4/1/1949,O,NGPY,100LL A A+,38.57938889,-121.8569444
01873.*A,AIRPORT,MYV,10/31/2024,AWP,SFO,CA,CALIFORNIA,YUBA,MARYSVILLE,YUBA COUNTY,PU,PU,YUBA COUNTY,039-05-52.0000N,140752.0000N,121-34-11.4000W,0437651.4000W,E,64.3,S,16E,1985,933,12/1/1943,O,NGPRVY,100LL A,39.09777778,-121.5698333
02356.1*A,AIRPORT,TOA,10/31/2024,AWP,LAX,CA,CALIFORNIA,LOS ANGELES,TORRANCE,ZAMPERINI FLD,PU,PU,CITY OF TORRANCE,033-48-12.1800N,121692.1783N,118-20-22.5900W,0426022.5875W,E,103.2,S,14E,1970,506,,O,NY1,100LL,33.80338286,-118.3396076
